log_id,entity_type,entity_id,old_status,new_status,changed_by,changed_at,reason,evidence_id
LOG-001,requirement,REQ-LOCAL-001,not_started,in_progress,code-puppy-da30e5,,Existing MVP implementation present,
LOG-002,requirement,REQ-DEPLOY-001,not_started,blocked,code-puppy-da30e5,,Backend host not selected,
LOG-003,task,TASK-QA-001,in_progress,passed,qa-kitten,,Browser automation fixed and smoke QA passed,EVID-QA-001
LOG-004,task,TASK-SCRIPT-001,in_progress,passed,code-puppy-da30e5,,Read-only preflight scripts run successfully,EVID-SCRIPT-001
LOG-005,decision,DEC-TRACK-001,proposed,accepted,code-puppy-da30e5,,Dolt CLI not installed so local CSV tables created,
LOG-006,decision,DEC-TRACK-001,csv_only,dolt_backed,code-puppy-da30e5,,Portable Dolt installed initialized imported and committed,EVID-DOLT-001
LOG-007,requirement,REQ-DOC-001,not_started,passed,code-puppy-da30e5,,Created current-state doc and /current-state route,EVID-DOC-001
LOG-008,task,TASK-DESIGN-001,not_started,passed,web-puppy,2026-07-13T15:58:06Z,Brand/design research completed; assets in research/bentondrones-brand/,EVID-BRAND-001
LOG-009,plan,PLAN-001,not_started,in_progress,benton-lead-orchestrator,2026-07-13T15:58:06Z,Orchestrator presented build plan and began design/implementation phase,
LOG-010,task,TASK-BRAND-001,not_started,in_progress,benton-lead-orchestrator,2026-07-13T16:00:00Z,Started branded signup/admin page implementation,
LOG-011,task,TASK-SIG-001,not_started,in_progress,benton-lead-orchestrator,2026-07-13T16:00:00Z,Started waiver + typed-name signature capture implementation,
LOG-012,task,TASK-DASH-001,not_started,in_progress,benton-lead-orchestrator,2026-07-13T16:00:00Z,Started admin dashboard maps + drill-down + analytics implementation,
LOG-013,task,TASK-BRAND-001,in_progress,passed,code-puppy,2026-07-14T18:30:00Z,Branded signup/admin pages implemented and tested,EVID-BUILD-001
LOG-014,task,TASK-SIG-001,in_progress,passed,code-puppy,2026-07-14T18:30:00Z,Waiver + typed-name signature + audit trail implemented,EVID-BUILD-001
LOG-015,task,TASK-DASH-001,in_progress,passed,code-puppy,2026-07-14T18:30:00Z,Admin dashboard upgraded with map analytics drill-down,EVID-BUILD-001
LOG-016,task,TASK-TEST-001,in_progress,passed,qa-kitten,2026-07-14T18:35:00Z,Unit tests and browser QA passed after fixes,EVID-TEST-002
LOG-017,task,TASK-GUIDE-001,in_progress,passed,benton-lead-orchestrator,2026-07-14T18:40:00Z,Flat HTML explainer guide created,EVID-GUIDE-001
LOG-018,judge,JUDGE-LOCAL-001,ready,passed,benton-lead-orchestrator,2026-07-14T18:30:00Z,Local MVP judge passes after build,EVID-TEST-002
LOG-019,judge,JUDGE-DESIGN-001,not_ready,passed,benton-lead-orchestrator,2026-07-14T18:30:00Z,Design system capture judge passes,EVID-BUILD-001
LOG-020,judge,JUDGE-QA-001,ready,passed,benton-lead-orchestrator,2026-07-14T18:35:00Z,Browser QA judge passes after re-QA,EVID-QA-003
LOG-021,task,TASK-TEST-001,passed,passed,e2e-testing-expert,2026-07-14T19:45:00Z,E2E test suite expanded from 64 to 189 tests; 3 consecutive passes,EVID-TEST-003
LOG-022,test,EVID-TEST-003,ready,passed,benton-lead-orchestrator,2026-07-14T19:45:00Z,Fixed tracking CSV header sniffing test and SQLite connection leak in server.py,EVID-TEST-003
LOG-023,judge,JUDGE-LOCAL-001,ready,passed,benton-lead-orchestrator,2026-07-14T19:45:00Z,Local MVP judge passes with 189 tests and manual E2E verification,EVID-TEST-003
LOG-024,task,TASK-GITHUB-001,in_progress,passed,code-puppy,2026-07-14T20:30:00Z,Project made GitHub-ready,EVID-GITHUB-001
LOG-025,task,TASK-JIRA-001,in_progress,passed,code-puppy,2026-07-14T20:30:00Z,JIRA ticket creation + local queue implemented,EVID-JIRA-001
LOG-026,task,TASK-PDF-001,in_progress,passed,code-puppy,2026-07-14T20:30:00Z,PDF print view + optional fpdf2 PDF implemented,EVID-PDF-001
LOG-027,task,TASK-LANDING-001,in_progress,passed,code-puppy,2026-07-14T20:30:00Z,Standalone branded landing page created,EVID-LANDING-001
LOG-028,judge,JUDGE-LOCAL-001,ready,passed,benton-lead-orchestrator,2026-07-14T20:30:00Z,Local MVP judge updated after JIRA/PDF/landing-page additions; 230 tests pass,EVID-TEST-004
LOG-029,task,TASK-ARCH-001,in_progress,passed,code-puppy,2026-07-17T20:00:00Z,Architecture diagram created,EVID-ARCH-001
LOG-030,task,TASK-UAT-001,in_progress,passed,e2e-testing-expert,2026-07-17T20:00:00Z,UAT test suite created and passing,EVID-UAT-001
LOG-031,task,TASK-PROD-001,in_progress,passed,code-puppy,2026-07-17T20:00:00Z,Production hardening implemented,EVID-PROD-001
LOG-032,judge,JUDGE-HARDEN-001,ready,passed,benton-lead-orchestrator,2026-07-17T20:30:00Z,Production hardening judge passes after P0/P1 fixes,EVID-PROD-001
LOG-033,judge,JUDGE-LOCAL-001,ready,passed,benton-lead-orchestrator,2026-07-17T20:30:00Z,Local MVP judge updated: 281 tests pass after architecture/UAT/hardening,EVID-TEST-005
LOG-034,task,TASK-TRAIN-001,in_progress,passed,benton-lead-orchestrator,2026-07-17T21:00:00Z,Training guide created,EVID-TRAIN-001
LOG-035,task,TASK-POLISH-001,in_progress,passed,code-puppy,2026-07-17T22:15:00Z,Material 3 visual polish applied across all pages and templates,EVID-POLISH-001
LOG-036,verification,TASK-VERIFY-001,ready,passed,benton-lead-orchestrator,2026-07-17T22:45:00Z,Full verification: routes files tests E2E and browser open all OK,EVID-VERIFY-001
LOG-037,task,TASK-POLISH-002,in_progress,passed,code-puppy,2026-07-18T13:30:00Z,Premium visual refinement applied across all HTML pages and templates,EVID-POLISH-003
LOG-038,verification,TASK-POLISH-002,ready,passed,benton-lead-orchestrator,2026-07-18T13:30:00Z,3 rounds QA passed after premium visual refinement,EVID-POLISH-003
LOG-039,task,TASK-GITHUB-002,in_progress,passed,benton-lead-orchestrator,2026-07-18T14:30:00Z,Codebase pushed to GitHub; hosting guide added,EVID-GITHUB-002
LOG-040,task,TASK-GITHUB-002,ready,passed,benton-lead-orchestrator,2026-07-18T15:15:00Z,Repo made public and GitHub Pages enabled,EVID-GITHUB-003
LOG-041,task,TASK-TRAIN-002,in_progress,passed,code-puppy,2026-07-21T12:15:00Z,Training guide enhanced with diagrams and full content,EVID-TRAIN-002
LOG-042,verification,TASK-TRAIN-002,ready,passed,benton-lead-orchestrator,2026-07-21T12:15:00Z,Local E2E validation passed on user's machine,EVID-TRAIN-002
LOG-043,task,TASK-DEPLOY-002,in_progress,passed,code-puppy,2026-07-21T17:30:00Z,Railway deployment config and guide added,EVID-DEPLOY-001
LOG-044,verification,TASK-DEPLOY-002,ready,passed,benton-lead-orchestrator,2026-07-21T17:30:00Z,Docker build and container smoke test passed,EVID-DEPLOY-001
LOG-045,task,TASK-WAIVER-001,ready,passed,code-puppy,2026-07-21T18:45:00Z,Real waiver from PDF adapted and integrated,EVID-WAIVER-001
LOG-046,task,TASK-DB-002,ready,passed,code-puppy,2026-07-21T18:45:00Z,PostgreSQL/Neon support implemented and tested,EVID-DB-001
LOG-047,task,TASK-DEPLOY-003,ready,passed,code-puppy,2026-07-21T19:30:00Z,Render Blueprint and deployment guide created,EVID-DEPLOY-002
LOG-048,verification,TASK-DEPLOY-003,ready,passed,benton-lead-orchestrator,2026-07-21T19:30:00Z,Live Render URL /healthz returns 200,EVID-DEPLOY-002
LOG-049,task,TASK-TRACK-001,in_progress,passed,code-puppy-61099e,2026-07-27T22:39:41Z,Tracking CSVs are canonical and being maintained as part of completion workflow,
LOG-050,task,TASK-QA-002,not_started,passed,code-puppy-61099e,2026-07-27T22:39:41Z,Playwright browser-automation E2E suite added and passing,EVID-QA-004
LOG-051,judge,JUDGE-QA-001,ready,passed,code-puppy-61099e,2026-07-27T22:39:41Z,Browser QA judge re-verified with automated Playwright suite + existing HTTP E2E coverage,EVID-QA-004
LOG-052,task,TASK-PRD-001,not_started,passed,benton-lead-orchestrator-86a115,2026-07-30T13:56:00Z,Branded PRD + UAT plan page built and served at /prd and /plan; all tests green,EVID-PRD-001
LOG-053,task,TASK-GUIDE-002,not_started,passed,benton-lead-orchestrator-070085,2026-07-30T14:35:00Z,Project Completion Guide built and served at /completion-guide and /finish; all tests green,EVID-GUIDE-002
LOG-054,task,TASK-DOC-001,passed,passed,benton-lead-orchestrator-070085,2026-07-30T15:48:00Z,Roadmap page elevated into Project Tracking and Detail hub conveying full BDS requirements layer,EVID-ROADMAP-001
LOG-055,requirement,REQ-GEO-001,not_started,passed,benton-lead-orchestrator-070085,2026-07-31T15:12:00Z,Wiggum loop iteration 1: real geocoder (Census+Nominatim+cache) built and live-verified; judge JUDGE-GEO-001 PASS,EVID-GEO-001
LOG-056,requirement,REQ-RATELIMIT-001,not_started,passed,benton-lead-orchestrator-070085,2026-07-31T15:24:00Z,Wiggum loop iteration 2: persistent token-bucket-in-DB rate limiter built; judge JUDGE-RATELIMIT-001 PASS,EVID-RATELIMIT-001
LOG-057,requirement,REQ-JIRA-002,not_started,passed,benton-lead-orchestrator-070085,2026-07-31T15:34:00Z,Wiggum loop iteration 3: JIRA queue replay worker (sweep+daemon+backoff+dead-letter+idempotency) built; judge JUDGE-JIRA-002 PASS,EVID-JIRA-002
LOG-058,requirement,REQ-NOTIFY-001,not_started,in_progress,benton-lead-orchestrator-070085,2026-07-31T15:42:00Z,Wiggum loop iteration 4: email notification code complete (all autonomous judge criteria PASS); live-send BLOCKED on human Google Workspace SMTP app password,EVID-NOTIFY-001
LOG-059,requirement,REQ-BACKUP-001,not_started,in_progress,benton-lead-orchestrator-070085,2026-07-31T15:52:00Z,Wiggum loop iteration 5: backups+monitoring code+docs complete; Neon console + external monitor evidence BLOCKED on human,EVID-BACKUP-001
LOG-060,requirement,REQ-LOCAL-001,in_progress,passed,planning-agent-083bcd,2026-08-17T12:00:00Z,All local MVP tasks passed and JUDGE-LOCAL-001 PASS,EVID-TEST-005
LOG-061,requirement,REQ-DEPLOY-001,blocked,in_progress,planning-agent-083bcd,2026-08-17T12:00:00Z,Backend live on Render onrender.com; custom domain + ADR-driven architecture pending,EVID-DEPLOY-002
LOG-062,requirement,REQ-DESIGN-001,not_started,passed,planning-agent-083bcd,2026-08-17T12:00:00Z,Design system captured and applied; all design tasks passed; JUDGE-DESIGN-001 PASS,EVID-BUILD-001
LOG-063,requirement,REQ-SCRIPT-001,in_progress,passed,planning-agent-083bcd,2026-08-17T12:00:00Z,Read-only preflight scripts passed; JUDGE-SCRIPT-001 PASS,EVID-SCRIPT-001
LOG-064,requirement,REQ-CFPAGES-001,not_started,proposed,planning-agent-083bcd,2026-08-17T12:00:00Z,ADR-001 Option B adopted: static admin UI on Cloudflare Pages + Access + JWT verification,
LOG-065,requirement,REQ-CUTOVER-001,not_started,not_started,planning-agent-083bcd,2026-08-17T12:00:00Z,Cloudflare nameserver cutover requirement created per ADR-001,
LOG-066,requirement,REQ-E2E-001,not_started,not_started,planning-agent-083bcd,2026-08-17T12:00:00Z,Anderson E2E testing requirement created per ADR-001 and current-state review,
LOG-067,judge,JUDGE-DEPLOY-001,blocked,blocked,planning-agent-083bcd,2026-08-17T12:00:00Z,JUDGE-DEPLOY-001 note updated to reflect backend live on onrender.com; custom domain pending,
LOG-068,decision,DEC-ARCH-002,proposed,proposed,solutions-architect,2026-08-17T12:00:00Z,ADR-001 produced: Cloudflare Pages admin dashboard behind Cloudflare Access with Render API JWT verification,
LOG-069,requirement,REQ-E2E-001,not_started,passed,code-puppy-991867,2026-08-17T15:45:00Z,Anderson E2E validated by web-retriever against live stack; 6/7 endpoints PASS (robots.txt 404 noted - flagged for known behavior),EVID-E2E-001
LOG-070,task,TASK-E2E-001,not_started,passed,code-puppy-991867,2026-08-17T15:45:00Z,Live stack validated by web-retriever: signup/admin-login/admin redirect/healthz/GitHub Pages/training guide all confirmed working,EVID-E2E-001
LOG-071,task,TASK-CFPAGES-001,not_started,in_progress,code-puppy-991867,2026-08-17T17:10:00Z,Backend JSON admin API + CORS + admin_audit table delivered; pages-admin static dashboard built; 402 tests green,EVID-API-001
LOG-072,task,TASK-JWT-001,not_started,in_progress,code-puppy-991867,2026-08-17T17:10:00Z,Access JWT verification module complete and wired; fixed verify_assertion raise-in-handler bug via verify_or_none,EVID-API-001
LOG-073,requirement,REQ-CFPAGES-001,proposed,in_progress,code-puppy-22fef1,2026-08-17T18:05:00Z,pages-admin static assets + Access JWT verification + JSON admin API/CORS/audit + noindex shipped; Cloudflare-side setup (Pages project Zero Trust custom domain) remains human-gated,EVID-API-001
LOG-074,task,TASK-KICKOFF-001,not_started,passed,code-puppy-22fef1,2026-08-17T18:05:00Z,Launch email sent to Anderson with briefing links action items and offline attachments; Anderson now reviewing the launch briefing; qa-kitten live QA 6/7 pass zero console errors,EVID-QA-005
LOG-075,task,TASK-QA-001,passed,passed,code-puppy-22fef1,2026-08-17T18:05:00Z,Production verified live post-redeploy: healthz 200 signup 200 admin 403-json api 403 noindex headers; Pages 10/10 URLs 200; briefing walkthrough link fixed to rendered GitHub blob,EVID-QA-005
LOG-076,requirement,REQ-E2E-001,not_started,in_progress,code-puppy-22fef1,2026-08-17T18:05:00Z,Kickoff email sent with live links + attached briefing/walkthrough; Anderson reviewing briefing,EVID-QA-005
LOG-077,requirement,REQ-CUTOVER-001,not_started,in_progress,code-puppy-22fef1,2026-08-17T18:05:00Z,Anderson owns cutover; step-by-step walkthrough sent in kickoff email (attached + GitHub blob link),EVID-QA-005
